{"cameraMode":{"drawMode":0,"name":"Shaded","section":"Shading Mode"},"sceneLighting":false,"audioPlay":false,"sceneViewState":{"showFog":false,"showMaterialUpdate":false,"showSkybox":false,"showFlares":false,"showImageEffects":false,"showParticleSystems":false},"in2DMode":false,"pivot":{"x":-1.5918748378753663,"y":1.2868802547454835,"z":0.43617716431617739},"rotation":{"x":-0.005513468291610479,"y":0.6391723155975342,"z":0.005106915254145861,"w":0.7692620754241943},"size":3.354186534881592,"orthographic":false}