{"cameraMode":{"drawMode":0,"name":"Shaded","section":"Shading Mode"},"sceneLighting":false,"audioPlay":false,"sceneViewState":{"showFog":false,"showMaterialUpdate":false,"showSkybox":false,"showFlares":false,"showImageEffects":false,"showParticleSystems":false},"in2DMode":false,"pivot":{"x":-5.336509704589844,"y":-7.447847366333008,"z":11.440119743347168},"rotation":{"x":0.15531717240810395,"y":0.14659585058689118,"z":-0.022111158818006517,"w":0.9768825173377991},"size":168.0242919921875,"orthographic":false}