{"cameraMode":{"drawMode":0,"name":"Shaded","section":"Shading Mode"},"sceneLighting":true,"audioPlay":false,"sceneViewState":{"showFog":false,"showMaterialUpdate":false,"showSkybox":false,"showFlares":false,"showImageEffects":false,"showParticleSystems":false},"in2DMode":false,"pivot":{"x":-0.9359918236732483,"y":-0.17545710504055024,"z":8.149928092956543},"rotation":{"x":0.061446789652109149,"y":0.02275160327553749,"z":-0.0013931794092059136,"w":0.9978960156440735},"size":14.028175354003907,"orthographic":false}