{"cameraMode":{"drawMode":0,"name":"Shaded","section":"Shading Mode"},"sceneLighting":true,"audioPlay":false,"sceneViewState":{"showFog":false,"showMaterialUpdate":false,"showSkybox":false,"showFlares":false,"showImageEffects":false,"showParticleSystems":false},"in2DMode":false,"pivot":{"x":1.9366161823272706,"y":-3.264683961868286,"z":2.6379294395446779},"rotation":{"x":0.13905785977840424,"y":0.1528140753507614,"z":-0.020522115752100946,"w":0.9784127473831177},"size":13.395835876464844,"orthographic":false}