{"cameraMode":{"drawMode":0,"name":"Shaded","section":"Shading Mode"},"sceneLighting":true,"audioPlay":false,"sceneViewState":{"showFog":false,"showMaterialUpdate":false,"showSkybox":false,"showFlares":false,"showImageEffects":false,"showParticleSystems":false},"in2DMode":false,"pivot":{"x":-4.041037559509277,"y":-0.6845776438713074,"z":14.446829795837403},"rotation":{"x":0.022483978420495988,"y":-0.03419078513979912,"z":0.0008082272252067924,"w":0.9992088079452515},"size":23.812753677368165,"orthographic":false}