{"cameraMode":{"drawMode":0,"name":"Shaded","section":"Shading Mode"},"sceneLighting":false,"audioPlay":false,"sceneViewState":{"showFog":false,"showMaterialUpdate":false,"showSkybox":false,"showFlares":false,"showImageEffects":false,"showParticleSystems":false},"in2DMode":false,"pivot":{"x":-4.010000228881836,"y":-1.6100000143051148,"z":0.0},"rotation":{"x":0.15981948375701905,"y":-0.01299544982612133,"z":0.002341124229133129,"w":0.9872350692749023},"size":1.3319422006607056,"orthographic":false}