{"cameraMode":{"drawMode":0,"name":"Shaded","section":"Shading Mode"},"sceneLighting":true,"audioPlay":false,"sceneViewState":{"showFog":false,"showMaterialUpdate":false,"showSkybox":false,"showFlares":false,"showImageEffects":false,"showParticleSystems":false},"in2DMode":false,"pivot":{"x":244.6085205078125,"y":78.12088012695313,"z":128.95716857910157},"rotation":{"x":-0.2146684229373932,"y":-0.11432468891143799,"z":-0.022665919736027719,"w":0.9699881076812744},"size":483.9638366699219,"orthographic":false}