{"cameraMode":{"drawMode":0,"name":"Shaded","section":"Shading Mode"},"sceneLighting":false,"audioPlay":false,"sceneViewState":{"showFog":false,"showMaterialUpdate":false,"showSkybox":false,"showFlares":false,"showImageEffects":false,"showParticleSystems":false},"in2DMode":false,"pivot":{"x":1.5023727416992188,"y":0.9568313956260681,"z":-4.462794303894043},"rotation":{"x":0.05978667363524437,"y":-0.0774930864572525,"z":0.004684919491410255,"w":0.995326817035675},"size":3.6928720474243166,"orthographic":false}