{"cameraMode":{"drawMode":0,"name":"Shaded","section":"Shading Mode"},"sceneLighting":true,"audioPlay":false,"sceneViewState":{"showFog":false,"showMaterialUpdate":false,"showSkybox":false,"showFlares":false,"showImageEffects":false,"showParticleSystems":false},"in2DMode":false,"pivot":{"x":-4.258638858795166,"y":-7.365602493286133,"z":17.17964744567871},"rotation":{"x":0.055471912026405337,"y":-0.011674722656607628,"z":0.0008831102750264108,"w":0.9985735416412354},"size":25.194795608520509,"orthographic":false}