{"cameraMode":{"drawMode":0,"name":"Shaded","section":"Shading Mode"},"sceneLighting":true,"audioPlay":false,"sceneViewState":{"showFog":false,"showMaterialUpdate":false,"showSkybox":false,"showFlares":false,"showImageEffects":false,"showParticleSystems":false},"in2DMode":false,"pivot":{"x":-0.3077012300491333,"y":1.261771559715271,"z":0.2440910041332245},"rotation":{"x":0.030512504279613496,"y":-0.8322386145591736,"z":0.04633293300867081,"w":0.5519495010375977},"size":2.532701253890991,"orthographic":false}