{"cameraMode":{"drawMode":0,"name":"Shaded","section":"Shading Mode"},"sceneLighting":false,"audioPlay":false,"sceneViewState":{"showFog":false,"showMaterialUpdate":false,"showSkybox":false,"showFlares":false,"showImageEffects":false,"showParticleSystems":false},"in2DMode":false,"pivot":{"x":-1.7085707187652588,"y":1.0155147314071656,"z":-0.31899380683898928},"rotation":{"x":0.012971468269824982,"y":0.9826837182044983,"z":-0.07229039072990418,"w":0.17118215560913087},"size":3.354186534881592,"orthographic":false}