{"cameraMode":{"drawMode":0,"name":"Shaded","section":"Shading Mode"},"sceneLighting":true,"audioPlay":false,"sceneViewState":{"showFog":false,"showMaterialUpdate":false,"showSkybox":false,"showFlares":false,"showImageEffects":false,"showParticleSystems":false},"in2DMode":false,"pivot":{"x":1.246010661125183,"y":-1.5150014162063599,"z":3.1023287773132326},"rotation":{"x":0.2379905879497528,"y":0.09625764936208725,"z":-0.02371741086244583,"w":0.9662408828735352},"size":7.855298042297363,"orthographic":false}