{"cameraMode":{"drawMode":0,"name":"Shaded","section":"Shading Mode"},"sceneLighting":true,"audioPlay":false,"sceneViewState":{"showFog":false,"showMaterialUpdate":false,"showSkybox":false,"showFlares":false,"showImageEffects":false,"showParticleSystems":false},"in2DMode":false,"pivot":{"x":12.173233985900879,"y":-8.300285339355469,"z":25.278791427612306},"rotation":{"x":0.17462456226348878,"y":-0.00555536849424243,"z":0.0013354148250073195,"w":0.9848024249076843},"size":34.512123107910159,"orthographic":false}