{"cameraMode":{"drawMode":0,"name":"Shaded","section":"Shading Mode"},"sceneLighting":true,"audioPlay":false,"sceneViewState":{"showFog":false,"showMaterialUpdate":false,"showSkybox":false,"showFlares":false,"showImageEffects":false,"showParticleSystems":false},"in2DMode":false,"pivot":{"x":-0.6755149364471436,"y":-2.895103693008423,"z":3.124087333679199},"rotation":{"x":0.19525885581970216,"y":0.20455576479434968,"z":-0.04167715087532997,"w":0.9583241939544678},"size":14.028175354003907,"orthographic":false}