{"cameraMode":{"drawMode":0,"name":"Shaded","section":"Shading Mode"},"sceneLighting":true,"audioPlay":false,"sceneViewState":{"showFog":false,"showMaterialUpdate":false,"showSkybox":false,"showFlares":false,"showImageEffects":false,"showParticleSystems":false},"in2DMode":false,"pivot":{"x":-0.6552119255065918,"y":-3.559598922729492,"z":13.633936882019043},"rotation":{"x":0.13901548087596894,"y":-0.023481152951717378,"z":0.0032469313591718675,"w":0.9900525212287903},"size":15.378172874450684,"orthographic":false}