{"cameraMode":{"drawMode":0,"name":"Shaded","section":"Shading Mode"},"sceneLighting":true,"audioPlay":false,"sceneViewState":{"showFog":false,"showMaterialUpdate":false,"showSkybox":false,"showFlares":false,"showImageEffects":false,"showParticleSystems":false},"in2DMode":false,"pivot":{"x":11.023595809936524,"y":7.951578617095947,"z":46.539302825927737},"rotation":{"x":0.026665449142456056,"y":-0.09105710685253144,"z":0.004923040512949228,"w":0.9957412481307983},"size":56.99188232421875,"orthographic":false}