{"cameraMode":{"drawMode":0,"name":"Shaded","section":"Shading Mode"},"sceneLighting":true,"audioPlay":false,"sceneViewState":{"showFog":false,"showMaterialUpdate":false,"showSkybox":false,"showFlares":false,"showImageEffects":false,"showParticleSystems":false},"in2DMode":false,"pivot":{"x":-0.15997314453125,"y":3.6099853515625,"z":-1.1299999952316285},"rotation":{"x":-0.11249586939811707,"y":0.037564244121313098,"z":-0.004360383842140436,"w":-0.9930217862129211},"size":10.51041030883789,"orthographic":false}