{"cameraMode":{"drawMode":0,"name":"Shaded","section":"Shading Mode"},"sceneLighting":false,"audioPlay":false,"sceneViewState":{"showFog":false,"showMaterialUpdate":false,"showSkybox":false,"showFlares":false,"showImageEffects":false,"showParticleSystems":false},"in2DMode":false,"pivot":{"x":-2.4680678844451906,"y":3.5019845962524416,"z":-4.1363444328308109},"rotation":{"x":0.3024127781391144,"y":0.04469859600067139,"z":-0.013834280893206597,"w":0.9522174596786499},"size":3.354186534881592,"orthographic":false}