{"cameraMode":{"drawMode":0,"name":"Shaded","section":"Shading Mode"},"sceneLighting":true,"audioPlay":false,"sceneViewState":{"showFog":false,"showMaterialUpdate":false,"showSkybox":false,"showFlares":false,"showImageEffects":false,"showParticleSystems":false},"in2DMode":false,"pivot":{"x":-2.364851474761963,"y":4.9350996017456059,"z":16.030353546142579},"rotation":{"x":-0.08823491632938385,"y":0.05853072181344032,"z":0.005228320602327585,"w":0.9944145083427429},"size":23.812753677368165,"orthographic":false}