{"cameraMode":{"drawMode":0,"name":"Shaded","section":"Shading Mode"},"sceneLighting":true,"audioPlay":false,"sceneViewState":{"showFog":true,"showMaterialUpdate":false,"showSkybox":true,"showFlares":true,"showImageEffects":true,"showParticleSystems":true},"in2DMode":false,"pivot":{"x":-0.7197092771530151,"y":0.9457534551620483,"z":-2.349882125854492},"rotation":{"x":-0.09226229786872864,"y":-0.22298000752925874,"z":0.02120407484471798,"w":-0.9702173471450806},"size":22.0,"orthographic":false}