{"cameraMode":{"drawMode":0,"name":"Shaded","section":"Shading Mode"},"sceneLighting":true,"audioPlay":false,"sceneViewState":{"showFog":false,"showMaterialUpdate":false,"showSkybox":false,"showFlares":false,"showImageEffects":false,"showParticleSystems":false},"in2DMode":false,"pivot":{"x":7.328471660614014,"y":-1.5638283491134644,"z":4.555905342102051},"rotation":{"x":0.0863473042845726,"y":0.5457767248153687,"z":-0.05674060434103012,"w":0.8316074013710022},"size":13.377065658569336,"orthographic":false}