{"cameraMode":{"drawMode":0,"name":"Shaded","section":"Shading Mode"},"sceneLighting":true,"audioPlay":false,"sceneViewState":{"showFog":false,"showMaterialUpdate":false,"showSkybox":false,"showFlares":false,"showImageEffects":false,"showParticleSystems":false},"in2DMode":false,"pivot":{"x":185.03829956054688,"y":200.54161071777345,"z":26.289306640625},"rotation":{"x":-0.12995821237564088,"y":-0.07885434478521347,"z":-0.007764522451907396,"w":0.9886234998703003},"size":56.99188995361328,"orthographic":false}